row_id,service_year,county_code,county_name,payer,age_group_code,age_group_name,sex,unique_member_cnt,util_category,util_cnt,encounter_count,member_months,total_paid_amt_sum,total_paid_amt_mean,total_paid_amt_med,insurer_paid_amt_sum,insurer_paid_amt_mean,insurer_paid_amt_med,member_paid_amt_sum,member_paid_amt_mean,member_paid_amt_med
198470,2019,3,Anoka,MINNESOTA HEALTH CARE PROGRAMS,3,45 - 64 years,M,716,Hospital Inpatient,"16,716","1,171","7,599","$12,576,417.15 ","$10,739.90 ","$6,167.05 ","$12,519,619.95 ","$10,691.39 ","$6,127.78 ","$56,797.20 ",$48.50 ,$0.00 
199334,2019,7,Beltrami,MINNESOTA HEALTH CARE PROGRAMS,5,75 years and older,M,81,Hospital Outpatient,"2,846",780,896,"$46,776.81 ",$59.97 ,$23.35 ,"$46,770.81 ",$59.96 ,$23.35 ,$6.00 ,$0.01 ,$0.00 
200414,2019,13,Blue Earth,MINNESOTA HEALTH CARE PROGRAMS,4,65 - 74 years,F,23,Independent Lab,105,65,276,$904.98 ,$13.92 ,$0.00 ,$904.98 ,$13.92 ,$0.00 ,$0.00 ,$0.00 ,$0.00 
201134,2019,17,Carlton,MINNESOTA HEALTH CARE PROGRAMS,3,45 - 64 years,F,321,Emergency department,"2,730",819,"3,691","$240,809.61 ",$294.03 ,$209.69 ,"$238,350.29 ",$291.03 ,$204.80 ,"$2,459.32 ",$3.00 ,$0.00 
201854,2019,21,Cass,COMMERCIAL,4,65 - 74 years,M,75,Clinic/Office,"1,148",546,891,"$67,406.46 ",$123.46 ,$75.44 ,"$53,118.94 ",$97.29 ,$37.35 ,"$14,287.52 ",$26.17 ,$0.00 
202766,2019,25,Chisago,MINNESOTA HEALTH CARE PROGRAMS,5,75 years and older,F,28,Inpatient Non-acute Professional Services,285,228,283,"$6,103.23 ",$26.77 ,$0.00 ,"$6,100.03 ",$26.75 ,$0.00 ,$3.20 ,$0.01 ,$0.00 
203726,2019,31,Cook,COMMERCIAL,4,65 - 74 years,M,11,Hospital Outpatient,156,41,132,"$15,124.70 ",$368.90 ,$98.74 ,"$12,323.19 ",$300.57 ,$17.92 ,"$2,801.51 ",$68.33 ,$0.00 
204638,2019,35,Crow Wing,MEDICARE,3,45 - 64 years,M,44,Inpatient Non-acute Professional Services,383,234,504,"$29,161.18 ",$124.62 ,$77.00 ,"$22,860.19 ",$97.69 ,$60.52 ,"$6,300.99 ",$26.93 ,$15.44 
205286,2019,39,Dodge,MINNESOTA HEALTH CARE PROGRAMS,3,45 - 64 years,F,25,DME (Durable Medical Equipment),163,98,280,"$7,622.06 ",$77.78 ,$85.13 ,"$7,622.06 ",$77.78 ,$85.13 ,$0.00 ,$0.00 ,$0.00 
206030,2019,43,Faribault,MINNESOTA HEALTH CARE PROGRAMS,3,45 - 64 years,M,54,Ambulance,797,473,615,"$88,336.71 ",$186.76 ,$14.08 ,"$88,333.51 ",$186.75 ,$14.08 ,$3.20 ,$0.01 ,$0.00 
207254,2019,49,Goodhue,MEDICARE,3,45 - 64 years,M,98,Hospital Inpatient,"3,916",236,"1,117","$3,742,625.27 ","$15,858.58 ","$12,593.71 ","$3,492,547.67 ","$14,798.93 ","$11,036.31 ","$250,077.60 ","$1,059.65 ","$1,364.00 "
208022,2019,53,Hennepin,MEDICARE,3,45 - 64 years,F,115,Hospice,"7,556",814,904,"$1,378,098.59 ","$1,693.00 ",$0.00 ,"$1,378,098.59 ","$1,693.00 ",$0.00 ,$0.00 ,$0.00 ,$0.00 
208814,2019,57,Hubbard,MEDICARE,5,75 years and older,M,44,Hospice,"1,913",139,363,"$388,989.12 ","$2,798.48 ","$3,286.19 ","$388,989.12 ","$2,798.48 ","$3,286.19 ",$0.00 ,$0.00 ,$0.00 
209510,2019,61,Itasca,MINNESOTA HEALTH CARE PROGRAMS,5,75 years and older,M,14,Hospital Inpatient Professional Services,401,182,138,"$1,089.39 ",$5.99 ,$0.00 ,"$1,089.39 ",$5.99 ,$0.00 ,$0.00 ,$0.00 ,$0.00 
210494,2019,67,Kandiyohi,MINNESOTA HEALTH CARE PROGRAMS,3,45 - 64 years,F,134,DME (Durable Medical Equipment),825,491,"1,561","$73,958.88 ",$150.63 ,$41.54 ,"$73,917.90 ",$150.55 ,$41.54 ,$40.98 ,$0.08 ,$0.00 
211406,2019,73,Lac Qui Parle,COMMERCIAL,3,45 - 64 years,M,194,Clinic/Office,"2,030","1,116","2,261","$201,580.05 ",$180.63 ,$125.46 ,"$107,491.74 ",$96.32 ,$32.29 ,"$94,088.31 ",$84.31 ,$35.02 
212630,2019,79,Le Sueur,MEDICARE,4,65 - 74 years,M,128,DME (Durable Medical Equipment),"1,076",676,"1,492","$77,119.28 ",$114.08 ,$54.24 ,"$65,075.44 ",$96.27 ,$47.02 ,"$12,043.84 ",$17.82 ,$9.11 
213710,2019,85,McLeod,MEDICARE,5,75 years and older,F,100,Hospice,"7,651",343,842,"$1,248,393.25 ","$3,639.63 ","$4,222.82 ","$1,248,393.25 ","$3,639.63 ","$4,222.82 ",$0.00 ,$0.00 ,$0.00 
214670,2019,91,Martin,MEDICARE,5,75 years and older,F,521,Emergency department,"4,649","1,269","6,004","$403,374.47 ",$317.87 ,$187.36 ,"$348,827.52 ",$274.88 ,$147.58 ,"$54,546.95 ",$42.98 ,$32.73 
215510,2019,97,Morrison,COMMERCIAL,2,19 - 44 years,M,28,Hospital Inpatient Professional Services,394,111,318,"$151,579.43 ","$1,365.58 ",$526.57 ,"$142,566.14 ","$1,284.38 ",$445.71 ,"$9,013.29 ",$81.20 ,$0.00 
216254,2019,101,Murray,COMMERCIAL,2,19 - 44 years,F,72,Independent Lab,391,117,800,"$24,429.77 ",$208.80 ,$124.54 ,"$18,902.05 ",$161.56 ,$80.30 ,"$5,527.72 ",$47.25 ,$0.00 
217334,2019,107,Norman,COMMERCIAL,3,45 - 64 years,M,18,Emergency department,108,35,213,"$24,974.94 ",$713.57 ,$611.53 ,"$19,054.92 ",$544.43 ,$396.69 ,"$5,920.02 ",$169.14 ,$0.00 
218222,2019,111,Otter Tail,MINNESOTA HEALTH CARE PROGRAMS,3,45 - 64 years,M,790,Clinic/Office,"10,515","6,530","8,978","$708,050.99 ",$108.43 ,$84.86 ,"$690,721.70 ",$105.78 ,$81.52 ,"$17,329.29 ",$2.65 ,$0.00 
219086,2019,115,Pine,MEDICARE,4,65 - 74 years,F,52,Inpatient Non-acute,"1,124",273,607,"$690,597.23 ","$2,529.66 ",$163.74 ,"$645,438.08 ","$2,364.24 ",$161.44 ,"$45,159.15 ",$165.42 ,$0.00 
220118,2019,121,Pope,MEDICARE,4,65 - 74 years,F,551,Hospital Outpatient,"22,683","4,739","6,553","$2,519,946.11 ",$531.75 ,$171.75 ,"$2,005,337.35 ",$423.16 ,$141.52 ,"$514,608.76 ",$108.59 ,$18.20 
220862,2019,125,Red Lake,MEDICARE,5,75 years and older,F,33,Hospital Inpatient,682,45,377,"$621,622.28 ","$13,813.83 ","$10,180.39 ","$585,696.55 ","$13,015.48 ","$9,583.33 ","$35,925.73 ",$798.35 ,$600.00 
197994,2019,1,Aitkin,MINNESOTA HEALTH CARE PROGRAMS,1,18 years and under,M,30,Ambulance,441,203,324,"$40,281.81 ",$198.43 ,$41.80 ,"$40,281.81 ",$198.43 ,$41.80 ,$0.00 ,$0.00 ,$0.00 
198738,2019,5,Becker,COMMERCIAL,3,45 - 64 years,F,326,Independent Lab,"2,261",704,"3,837","$157,368.87 ",$223.54 ,$87.57 ,"$127,447.82 ",$181.03 ,$45.82 ,"$29,921.05 ",$42.50 ,$0.00 
199386,2019,7,Beltrami,MEDICARE,3,45 - 64 years,M,69,Ambulatory Surgery,170,85,813,"$70,643.76 ",$831.10 ,$139.36 ,"$56,209.43 ",$661.29 ,$122.36 ,"$14,434.33 ",$169.82 ,$25.73 
200226,2019,13,Blue Earth,COMMERCIAL,2,19 - 44 years,M,13,Outpatient Other,177,169,146,"$42,057.20 ",$248.86 ,$230.00 ,"$37,422.29 ",$221.43 ,$201.16 ,"$4,634.91 ",$27.43 ,$7.50 
201138,2019,17,Carlton,MINNESOTA HEALTH CARE PROGRAMS,3,45 - 64 years,F,108,Hospital Inpatient Professional Services,"1,941",979,"1,230","$143,404.75 ",$146.48 ,$66.62 ,"$143,388.95 ",$146.46 ,$66.62 ,$15.80 ,$0.02 ,$0.00 
201978,2019,21,Cass,MINNESOTA HEALTH CARE PROGRAMS,3,45 - 64 years,M,42,Outpatient Other,"1,810","1,066",463,"$242,819.60 ",$227.79 ,$107.19 ,"$242,816.60 ",$227.78 ,$107.19 ,$3.00 ,$0.00 ,$0.00 
202866,2019,25,Chisago,MEDICARE,4,65 - 74 years,M,261,Hospital Inpatient,"5,859",394,"2,981","$6,866,405.21 ","$17,427.42 ","$11,828.52 ","$6,546,381.82 ","$16,615.18 ","$11,380.39 ","$320,023.39 ",$812.24 ,$545.00 
203658,2019,29,Clearwater,MEDICARE,5,75 years and older,M,74,Independent Lab,324,136,857,"$16,609.33 ",$122.13 ,$38.68 ,"$15,865.00 ",$116.65 ,$31.42 ,$744.33 ,$5.47 ,$0.00 
204522,2019,35,Crow Wing,MINNESOTA HEALTH CARE PROGRAMS,4,65 - 74 years,F,20,Ambulance,394,175,238,"$6,865.51 ",$39.23 ,$20.24 ,"$6,865.51 ",$39.23 ,$20.24 ,$0.00 ,$0.00 ,$0.00 
205122,2019,37,Dakota,MEDICARE,5,75 years and older,F,"10,775",Hospital Outpatient,"265,174","52,844","126,433","$24,899,520.40 ",$471.19 ,$111.48 ,"$21,511,157.02 ",$407.07 ,$93.22 ,"$3,388,363.38 ",$64.12 ,$0.00 
206178,2019,43,Faribault,MEDICARE,4,65 - 74 years,M,24,Inpatient Non-acute,712,137,276,"$396,984.89 ","$2,897.70 ",$226.34 ,"$366,569.00 ","$2,675.69 ",$220.44 ,"$30,415.89 ",$222.01 ,$0.00 
207258,2019,49,Goodhue,MEDICARE,3,45 - 64 years,M,27,Inpatient Non-acute,"2,925",223,319,"$567,372.41 ","$2,544.27 ",$491.15 ,"$488,945.28 ","$2,192.58 ",$392.01 ,"$78,427.13 ",$351.69 ,$61.48 
208098,2019,53,Hennepin,MEDICARE,5,75 years and older,M,"26,203",Clinic/Office,"903,618","377,686","308,032","$74,967,091.72 ",$198.49 ,$108.41 ,"$63,966,172.45 ",$169.36 ,$87.72 ,"$11,000,919.27 ",$29.13 ,$10.00 
209130,2019,59,Isanti,MEDICARE,2,19 - 44 years,M,84,Hospital Outpatient,"2,467",426,992,"$172,234.68 ",$404.31 ,$134.51 ,"$138,425.82 ",$324.94 ,$103.25 ,"$33,808.86 ",$79.36 ,$23.59 
209826,2019,63,Jackson,MINNESOTA HEALTH CARE PROGRAMS,5,75 years and older,F,18,Other,"1,386",964,196,"$63,691.21 ",$66.07 ,$45.53 ,"$63,684.81 ",$66.06 ,$45.53 ,$6.40 ,$0.01 ,$0.00 
210738,2019,69,Kittson,COMMERCIAL,2,19 - 44 years,M,15,Emergency department,42,20,159,"$12,282.01 ",$614.10 ,$468.72 ,"$5,417.52 ",$270.88 ,$61.04 ,"$6,864.49 ",$343.22 ,$217.46 
211698,2019,75,Lake,COMMERCIAL,2,19 - 44 years,F,14,Independent Lab,104,20,157,"$4,065.30 ",$203.27 ,$141.31 ,"$2,877.00 ",$143.85 ,$41.07 ,"$1,188.30 ",$59.42 ,$2.21 
212994,2019,83,Lyon,COMMERCIAL,2,19 - 44 years,F,37,DME (Durable Medical Equipment),96,55,444,"$14,957.35 ",$271.95 ,$198.00 ,"$13,852.33 ",$251.86 ,$198.00 ,"$1,105.02 ",$20.09 ,$0.00 
213978,2019,87,Mahnomen,MEDICARE,4,65 - 74 years,F,159,Clinic/Office,"2,856","1,281","1,886","$146,921.36 ",$114.69 ,$88.86 ,"$116,955.99 ",$91.30 ,$73.36 ,"$29,965.37 ",$23.39 ,$14.83 
215082,2019,95,Mille Lacs,COMMERCIAL,1,18 years and under,F,404,Other,"1,539",805,"4,755","$110,299.63 ",$137.02 ,$85.88 ,"$59,655.09 ",$74.11 ,$35.24 ,"$50,644.54 ",$62.91 ,$25.00 
215898,2019,99,Mower,COMMERCIAL,2,19 - 44 years,M,14,Hospital Inpatient Professional Services,209,88,156,"$96,452.08 ","$1,096.05 ",$521.62 ,"$76,367.23 ",$867.81 ,$395.32 ,"$20,084.85 ",$228.24 ,$0.00 
216858,2019,103,Nicollet,MEDICARE,3,45 - 64 years,F,208,Other,"1,874",833,"2,406","$216,015.73 ",$259.32 ,$69.60 ,"$173,496.80 ",$208.28 ,$55.58 ,"$42,518.93 ",$51.04 ,$10.09 
217818,2019,109,Olmsted,MINNESOTA HEALTH CARE PROGRAMS,4,65 - 74 years,F,61,Ambulance,"1,959",556,685,"$36,742.29 ",$66.08 ,$61.28 ,"$36,742.29 ",$66.08 ,$61.28 ,$0.00 ,$0.00 ,$0.00 
218658,2019,113,Pennington,MEDICARE,3,45 - 64 years,F,53,Emergency department,682,167,604,"$39,108.06 ",$234.18 ,$125.57 ,"$32,605.91 ",$195.24 ,$99.85 ,"$6,502.15 ",$38.94 ,$18.33 
219738,2019,119,Polk,MEDICARE,3,45 - 64 years,F,184,Emergency department,"1,399",493,"2,168","$71,854.46 ",$145.75 ,$85.58 ,"$58,890.08 ",$119.45 ,$59.35 ,"$12,964.38 ",$26.30 ,$10.35 
220506,2019,123,Ramsey,MEDICARE,2,19 - 44 years,F,49,Home Health,"1,014",182,566,"$145,250.93 ",$798.08 ,$0.00 ,"$145,250.93 ",$798.08 ,$0.00 ,$0.00 ,$0.00 ,$0.00 
197922,2019,1,Aitkin,COMMERCIAL,3,45 - 64 years,F,549,Hospital Outpatient,"13,406","2,985","6,334","$3,109,178.41 ","$1,041.60 ",$323.50 ,"$2,638,864.65 ",$884.04 ,$236.01 ,"$470,313.76 ",$157.56 ,$0.00 
198714,2019,5,Becker,COMMERCIAL,2,19 - 44 years,M,20,Ambulance,129,53,221,"$29,454.80 ",$555.75 ,$171.88 ,"$25,032.46 ",$472.31 ,$168.29 ,"$4,422.34 ",$83.44 ,$0.00 
199362,2019,7,Beltrami,MEDICARE,2,19 - 44 years,M,29,Hospital Inpatient,479,56,348,"$488,474.51 ","$8,722.76 ","$7,560.64 ","$412,090.51 ","$7,358.76 ","$6,507.49 ","$76,384.00 ","$1,364.00 ","$1,364.00 "
200202,2019,13,Blue Earth,COMMERCIAL,2,19 - 44 years,F,82,DME (Durable Medical Equipment),171,106,939,"$43,223.12 ",$407.77 ,$232.45 ,"$36,311.19 ",$342.56 ,$211.85 ,"$6,911.93 ",$65.21 ,$0.00 
201090,2019,17,Carlton,MINNESOTA HEALTH CARE PROGRAMS,1,18 years and under,M,509,Emergency department,"1,993",842,"5,759","$227,441.77 ",$270.12 ,$249.90 ,"$227,441.77 ",$270.12 ,$249.90 ,$0.00 ,$0.00 ,$0.00 
201954,2019,21,Cass,MINNESOTA HEALTH CARE PROGRAMS,3,45 - 64 years,F,22,Home Health,265,236,249,"$17,993.56 ",$76.24 ,$75.02 ,"$17,983.96 ",$76.20 ,$75.02 ,$9.60 ,$0.04 ,$0.00 
202770,2019,25,Chisago,MINNESOTA HEALTH CARE PROGRAMS,5,75 years and older,M,16,Clinic/Office,114,53,185,$425.41 ,$8.03 ,$0.00 ,$413.21 ,$7.80 ,$0.00 ,$12.20 ,$0.23 ,$0.00 
203634,2019,29,Clearwater,MEDICARE,5,75 years and older,F,393,Clinic/Office,"4,891","2,568","4,629","$412,236.58 ",$160.53 ,$159.30 ,"$337,276.98 ",$131.34 ,$121.90 ,"$74,959.60 ",$29.19 ,$20.00 
204498,2019,35,Crow Wing,MINNESOTA HEALTH CARE PROGRAMS,3,45 - 64 years,F,182,Hospital Inpatient,"3,214",272,"2,029","$2,844,622.57 ","$10,458.17 ","$6,889.46 ","$2,824,786.17 ","$10,385.24 ","$6,847.78 ","$19,836.40 ",$72.93 ,$0.00 
205098,2019,37,Dakota,MEDICARE,4,65 - 74 years,M,"1,526",Ambulatory Surgery,"10,793","2,092","18,253","$3,170,804.86 ","$1,515.68 ","$1,032.48 ","$2,705,065.35 ","$1,293.05 ",$924.04 ,"$465,739.51 ",$222.63 ,$150.00 
206154,2019,43,Faribault,MEDICARE,4,65 - 74 years,F,105,DME (Durable Medical Equipment),658,450,"1,249","$47,916.92 ",$106.48 ,$51.86 ,"$36,517.25 ",$81.15 ,$41.32 ,"$11,399.67 ",$25.33 ,$10.54 
207234,2019,49,Goodhue,MEDICARE,3,45 - 64 years,F,534,Clinic/Office,"9,358","3,750","6,132","$726,380.57 ",$193.70 ,$91.64 ,"$619,838.51 ",$165.29 ,$72.34 ,"$106,542.06 ",$28.41 ,$14.83 
208074,2019,53,Hennepin,MEDICARE,4,65 - 74 years,M,"5,751",Independent Lab,"41,166","12,503","68,544","$1,353,364.37 ",$108.24 ,$34.19 ,"$1,315,692.82 ",$105.23 ,$32.12 ,"$37,671.55 ",$3.01 ,$0.00 
209082,2019,59,Isanti,MINNESOTA HEALTH CARE PROGRAMS,5,75 years and older,F,21,Clinic/Office,230,78,242,"$1,401.23 ",$17.96 ,$1.64 ,"$1,345.63 ",$17.25 ,$1.55 ,$55.60 ,$0.71 ,$0.00 
209778,2019,63,Jackson,MINNESOTA HEALTH CARE PROGRAMS,3,45 - 64 years,F,64,Independent Lab,341,135,724,"$10,049.19 ",$74.44 ,$27.55 ,"$10,039.59 ",$74.37 ,$27.55 ,$9.60 ,$0.07 ,$0.00 
210690,2019,67,Kandiyohi,MEDICARE,5,75 years and older,F,348,Inpatient Non-acute,"8,303","2,519","3,935","$3,432,557.65 ","$1,362.67 ",$107.17 ,"$3,083,463.83 ","$1,224.08 ",$89.33 ,"$349,093.82 ",$138.58 ,$15.60 
211674,2019,75,Lake,COMMERCIAL,1,18 years and under,F,21,Emergency department,90,35,235,"$30,183.78 ",$862.39 ,$626.17 ,"$18,907.49 ",$540.21 ,$285.95 ,"$11,276.29 ",$322.18 ,$176.26 
212946,2019,81,Lincoln,MEDICARE,5,75 years and older,F,28,Hospice,"1,575",87,239,"$326,632.00 ","$3,754.39 ","$4,324.77 ","$326,632.00 ","$3,754.39 ","$4,324.77 ",$0.00 ,$0.00 ,$0.00 
213954,2019,87,Mahnomen,MEDICARE,3,45 - 64 years,F,18,Hospital Inpatient,690,35,212,"$579,815.74 ","$16,566.16 ","$9,649.41 ","$558,816.64 ","$15,966.19 ","$9,012.39 ","$20,999.10 ",$599.97 ,$100.78 
215058,2019,93,Meeker,MEDICARE,5,75 years and older,M,81,Ambulatory Surgery,491,127,972,"$193,227.06 ","$1,521.47 ","$1,431.47 ","$182,380.65 ","$1,436.07 ","$1,245.09 ","$10,846.41 ",$85.40 ,$50.00 
215874,2019,99,Mower,COMMERCIAL,1,18 years and under,M,209,Clinic/Office,"1,931",806,"2,400","$286,754.16 ",$355.77 ,$239.01 ,"$194,226.10 ",$240.98 ,$118.20 ,"$92,528.06 ",$114.80 ,$30.00 
216834,2019,103,Nicollet,MEDICARE,2,19 - 44 years,M,82,Clinic/Office,"2,248","1,062",984,"$145,965.18 ",$137.44 ,$108.40 ,"$111,840.21 ",$105.31 ,$79.70 ,"$34,124.97 ",$32.13 ,$21.71 
217794,2019,109,Olmsted,MINNESOTA HEALTH CARE PROGRAMS,3,45 - 64 years,F,298,Hospital Inpatient Professional Services,"6,621","2,841","3,278","$451,744.12 ",$159.01 ,$58.91 ,"$451,680.12 ",$158.99 ,$58.91 ,$64.00 ,$0.02 ,$0.00 
218610,2019,113,Pennington,MINNESOTA HEALTH CARE PROGRAMS,5,75 years and older,F,11,Hospice,35,33,63,"$94,736.56 ","$2,870.80 ","$2,424.34 ","$94,736.56 ","$2,870.80 ","$2,424.34 ",$0.00 ,$0.00 ,$0.00 
219666,2019,119,Polk,MINNESOTA HEALTH CARE PROGRAMS,4,65 - 74 years,M,16,Ambulance,871,228,192,"$32,542.14 ",$142.73 ,$157.32 ,"$32,542.14 ",$142.73 ,$157.32 ,$0.00 ,$0.00 ,$0.00 
220482,2019,123,Ramsey,MINNESOTA HEALTH CARE PROGRAMS,5,75 years and older,M,99,Independent Lab,914,288,"1,137","$17,097.71 ",$59.37 ,$16.52 ,"$16,572.71 ",$57.54 ,$16.52 ,$525.00 ,$1.82 ,$0.00 
221538,2019,129,Renville,MEDICARE,4,65 - 74 years,F,244,Other,"2,611","1,523","2,896","$198,788.52 ",$130.52 ,$43.89 ,"$174,606.86 ",$114.65 ,$41.43 ,"$24,181.66 ",$15.88 ,$0.00 
222594,2019,135,Roseau,MEDICARE,4,65 - 74 years,F,30,Ambulance,154,55,331,"$136,435.42 ","$2,480.64 ",$780.17 ,"$114,020.05 ","$2,073.09 ",$622.20 ,"$22,415.37 ",$407.55 ,$140.20 
223242,2019,139,Scott,MINNESOTA HEALTH CARE PROGRAMS,1,18 years and under,M,"1,696",Emergency department,"6,794","2,959","19,025","$803,059.42 ",$271.40 ,$244.17 ,"$802,796.66 ",$271.31 ,$244.17 ,$262.76 ,$0.09 ,$0.00 
223962,2019,143,Sibley,COMMERCIAL,2,19 - 44 years,M,13,Hospital Inpatient,155,17,131,"$387,888.71 ","$22,816.98 ","$19,035.23 ","$368,703.55 ","$21,688.44 ","$19,035.23 ","$19,185.16 ","$1,128.54 ",$0.00 
224658,2019,145,Stearns,MEDICARE,4,65 - 74 years,F,"4,407",Hospital Outpatient,"114,533","23,322","52,578","$17,118,145.35 ",$733.99 ,$173.48 ,"$14,327,355.30 ",$614.33 ,$142.42 ,"$2,790,790.05 ",$119.66 ,$17.45 
225594,2019,151,Swift,MINNESOTA HEALTH CARE PROGRAMS,3,45 - 64 years,F,163,Hospital Outpatient,"6,858","1,536","1,833","$741,671.81 ",$482.86 ,$153.95 ,"$740,271.63 ",$481.95 ,$153.95 ,"$1,400.18 ",$0.91 ,$0.00 
226986,2019,159,Wadena,MINNESOTA HEALTH CARE PROGRAMS,4,65 - 74 years,F,11,DME (Durable Medical Equipment),70,63,132,"$7,104.53 ",$112.77 ,$116.00 ,"$7,104.53 ",$112.77 ,$116.00 ,$0.00 ,$0.00 ,$0.00 
227730,2019,163,Washington,MINNESOTA HEALTH CARE PROGRAMS,2,19 - 44 years,M,522,Outpatient Other,"19,722","16,210","5,526","$1,707,545.51 ",$105.34 ,$105.09 ,"$1,707,545.51 ",$105.34 ,$105.09 ,$0.00 ,$0.00 ,$0.00 
228594,2019,167,Wilkin,MEDICARE,5,75 years and older,F,71,DME (Durable Medical Equipment),559,369,833,"$39,375.41 ",$106.71 ,$48.59 ,"$31,434.46 ",$85.19 ,$34.90 ,"$7,940.95 ",$21.52 ,$9.94 
229290,2019,171,Wright,MEDICARE,2,19 - 44 years,F,27,Ambulance,123,45,314,"$34,460.62 ",$765.79 ,$634.38 ,"$28,793.21 ",$639.85 ,$505.44 ,"$5,667.41 ",$125.94 ,$114.36 
198017,2019,1,Aitkin,MINNESOTA HEALTH CARE PROGRAMS,2,19 - 44 years,F,68,Independent Lab,819,365,753,"$47,110.09 ",$129.07 ,$89.47 ,"$47,103.69 ",$129.05 ,$89.47 ,$6.40 ,$0.02 ,$0.00 
198665,2019,3,Anoka,MEDICARE,5,75 years and older,M,674,Ambulatory Surgery,"4,523",963,"8,052","$1,623,130.25 ","$1,685.49 ","$1,661.91 ","$1,399,246.59 ","$1,453.01 ","$1,391.83 ","$223,883.66 ",$232.49 ,$152.90 
199457,2019,7,Beltrami,MEDICARE,5,75 years and older,M,110,Inpatient Non-acute,"3,184",665,"1,176","$1,282,254.85 ","$1,928.20 ",$121.60 ,"$1,096,323.37 ","$1,648.61 ",$118.00 ,"$185,931.48 ",$279.60 ,$0.00 
200417,2019,13,Blue Earth,MINNESOTA HEALTH CARE PROGRAMS,4,65 - 74 years,F,109,Other,"22,237","15,412","1,292","$2,417,640.85 ",$156.87 ,$134.85 ,"$2,416,485.67 ",$156.79 ,$134.85 ,"$1,155.18 ",$0.07 ,$0.00 
201137,2019,17,Carlton,MINNESOTA HEALTH CARE PROGRAMS,3,45 - 64 years,F,92,Hospital Inpatient,"1,862",151,"1,039","$1,044,601.62 ","$6,917.89 ","$4,310.05 ","$1,040,291.22 ","$6,889.35 ","$4,310.05 ","$4,310.40 ",$28.55 ,$0.00 
202073,2019,21,Cass,MEDICARE,3,45 - 64 years,F,162,Other,"1,367",647,"1,874","$91,655.57 ",$141.66 ,$78.45 ,"$73,860.36 ",$114.16 ,$61.11 ,"$17,795.21 ",$27.50 ,$9.79 
202889,2019,25,Chisago,MEDICARE,5,75 years and older,F,30,Outpatient Other,"3,603",475,352,"$228,084.96 ",$480.18 ,$120.94 ,"$194,002.93 ",$408.43 ,$119.01 ,"$34,082.03 ",$71.75 ,$0.00 
203897,2019,31,Cook,MEDICARE,4,65 - 74 years,F,34,DME (Durable Medical Equipment),286,154,403,"$11,621.52 ",$75.46 ,$51.74 ,"$9,334.59 ",$60.61 ,$43.11 ,"$2,286.93 ",$14.85 ,$8.99 
204833,2019,37,Dakota,COMMERCIAL,5,75 years and older,F,670,Clinic/Office,"20,172","8,731","7,845","$736,115.15 ",$84.31 ,$25.10 ,"$597,969.77 ",$68.49 ,$12.56 ,"$138,145.38 ",$15.82 ,$10.00 
205529,2019,41,Douglas,COMMERCIAL,3,45 - 64 years,F,58,Ambulatory Surgery,452,106,672,"$373,216.28 ","$3,520.91 ","$1,396.06 ","$299,307.70 ","$2,823.66 ",$816.47 ,"$73,908.58 ",$697.25 ,$0.00 
206369,2019,45,Fillmore,MINNESOTA HEALTH CARE PROGRAMS,3,45 - 64 years,F,214,Other,"17,756","10,300","2,432","$1,787,749.99 ",$173.57 ,$137.15 ,"$1,786,775.01 ",$173.47 ,$136.80 ,$974.98 ,$0.09 ,$0.00 
207233,2019,49,Goodhue,MEDICARE,3,45 - 64 years,F,19,Ambulatory Surgery,151,36,224,"$107,878.46 ","$2,996.62 ",$547.02 ,"$93,786.14 ","$2,605.17 ",$496.16 ,"$14,092.32 ",$391.45 ,$82.46 
208001,2019,53,Hennepin,MEDICARE,2,19 - 44 years,M,194,Ambulance,991,424,"2,284","$192,822.03 ",$454.77 ,$470.05 ,"$152,902.00 ",$360.62 ,$374.51 ,"$39,920.03 ",$94.15 ,$96.44 
209105,2019,59,Isanti,MINNESOTA HEALTH CARE PROGRAMS,5,75 years and older,M,22,Other,"3,696","3,068",245,"$349,139.42 ",$113.80 ,$115.42 ,"$348,966.62 ",$113.74 ,$115.42 ,$172.80 ,$0.06 ,$0.00 
209777,2019,63,Jackson,MINNESOTA HEALTH CARE PROGRAMS,3,45 - 64 years,F,160,Hospital Outpatient,"5,039","1,129","1,744","$460,913.69 ",$408.25 ,$111.79 ,"$458,569.48 ",$406.17 ,$111.29 ,"$2,344.21 ",$2.08 ,$0.00 
210689,2019,67,Kandiyohi,MEDICARE,5,75 years and older,F,232,Independent Lab,"1,329",424,"2,735","$56,996.00 ",$134.42 ,$31.76 ,"$56,077.12 ",$132.26 ,$31.76 ,$918.88 ,$2.17 ,$0.00 
198556,2019,3,Anoka,MEDICARE,2,19 - 44 years,F,52,Ambulatory Surgery,525,91,622,"$238,881.51 ","$2,625.07 ",$807.09 ,"$200,155.96 ","$2,199.52 ",$724.02 ,"$38,725.55 ",$425.56 ,$156.04 
199276,2019,7,Beltrami,MINNESOTA HEALTH CARE PROGRAMS,3,45 - 64 years,M,63,Inpatient Non-acute,"1,438",623,648,"$993,458.43 ","$1,594.64 ",$187.94 ,"$993,408.43 ","$1,594.56 ",$187.94 ,$50.00 ,$0.08 ,$0.00 
200188,2019,13,Blue Earth,COMMERCIAL,1,18 years and under,M,17,Ambulatory Surgery,76,17,197,"$65,396.98 ","$3,846.88 ","$4,399.82 ","$44,864.74 ","$2,639.10 ","$2,263.70 ","$20,532.24 ","$1,207.78 ",$0.00 
201028,2019,17,Carlton,COMMERCIAL,4,65 - 74 years,F,59,Hospital Outpatient,"1,904",458,704,"$340,855.41 ",$744.23 ,$201.16 ,"$316,489.02 ",$691.02 ,$190.08 ,"$24,366.39 ",$53.20 ,$0.00 
201724,2019,19,Carver,MEDICARE,4,65 - 74 years,M,489,Independent Lab,"2,241",852,"5,834","$84,529.54 ",$99.21 ,$20.96 ,"$80,934.66 ",$94.99 ,$20.38 ,"$3,594.88 ",$4.22 ,$0.00 
198410,2019,3,Anoka,MINNESOTA HEALTH CARE PROGRAMS,1,18 years and under,M,32,Inpatient Non-acute,262,146,357,"$503,350.27 ","$3,447.60 ","$2,515.13 ","$503,350.27 ","$3,447.60 ","$2,515.13 ",$0.00 ,$0.00 ,$0.00 
199226,2019,7,Beltrami,MINNESOTA HEALTH CARE PROGRAMS,2,19 - 44 years,F,542,Hospital Inpatient Professional Services,"4,238","2,215","6,028","$693,863.61 ",$313.26 ,$93.16 ,"$693,831.61 ",$313.24 ,$93.16 ,$32.00 ,$0.01 ,$0.00 
200090,2019,11,Big Stone,MEDICARE,3,45 - 64 years,F,15,DME (Durable Medical Equipment),105,50,170,"$7,800.24 ",$156.00 ,$51.86 ,"$6,291.27 ",$125.83 ,$34.96 ,"$1,508.97 ",$30.18 ,$8.91 
201074,2019,17,Carlton,MINNESOTA HEALTH CARE PROGRAMS,1,18 years and under,F,45,DME (Durable Medical Equipment),142,68,496,"$19,835.24 ",$291.69 ,$88.11 ,"$19,835.24 ",$291.69 ,$88.11 ,$0.00 ,$0.00 ,$0.00 
201914,2019,21,Cass,MINNESOTA HEALTH CARE PROGRAMS,1,18 years and under,M,111,Independent Lab,317,171,"1,296","$17,831.05 ",$104.28 ,$26.65 ,"$17,831.05 ",$104.28 ,$26.65 ,$0.00 ,$0.00 ,$0.00 
202634,2019,25,Chisago,MINNESOTA HEALTH CARE PROGRAMS,1,18 years and under,F,61,DME (Durable Medical Equipment),332,149,714,"$45,402.37 ",$304.71 ,$68.62 ,"$45,402.37 ",$304.71 ,$68.62 ,$0.00 ,$0.00 ,$0.00 
203522,2019,29,Clearwater,MINNESOTA HEALTH CARE PROGRAMS,5,75 years and older,F,24,Clinic/Office,171,101,278,"$8,706.07 ",$86.20 ,$37.40 ,"$8,703.07 ",$86.17 ,$37.40 ,$3.00 ,$0.03 ,$0.00 
204578,2019,35,Crow Wing,MINNESOTA HEALTH CARE PROGRAMS,5,75 years and older,M,54,Other,"8,081","7,340",558,"$625,328.03 ",$85.19 ,$57.73 ,"$609,460.03 ",$83.03 ,$54.89 ,"$15,868.00 ",$2.16 ,$0.00 
198446,2019,3,Anoka,MINNESOTA HEALTH CARE PROGRAMS,2,19 - 44 years,M,11,Pharmacy,29,17,131,"$1,328.29 ",$78.13 ,$44.00 ,"$1,328.29 ",$78.13 ,$44.00 ,$0.00 ,$0.00 ,$0.00 
199310,2019,7,Beltrami,MINNESOTA HEALTH CARE PROGRAMS,5,75 years and older,F,117,Ambulance,"2,086",741,"1,288","$59,823.16 ",$80.73 ,$47.82 ,"$59,819.96 ",$80.73 ,$47.82 ,$3.20 ,$0.00 ,$0.00 
200390,2019,13,Blue Earth,MINNESOTA HEALTH CARE PROGRAMS,3,45 - 64 years,M,952,Clinic/Office,"22,167","11,452","10,564","$1,044,902.10 ",$91.24 ,$67.35 ,"$1,024,025.23 ",$89.42 ,$65.25 ,"$20,876.87 ",$1.82 ,$0.00 
201110,2019,17,Carlton,MINNESOTA HEALTH CARE PROGRAMS,2,19 - 44 years,F,68,Inpatient Non-acute,917,566,762,"$776,393.05 ","$1,371.72 ","$1,017.97 ","$776,393.05 ","$1,371.72 ","$1,017.97 ",$0.00 ,$0.00 ,$0.00 
201758,2019,19,Carver,MEDICARE,5,75 years and older,M,49,Outpatient Other,"5,688",579,565,"$377,078.70 ",$651.26 ,$315.00 ,"$326,099.36 ",$563.21 ,$315.00 ,"$50,979.34 ",$88.05 ,$0.00 
202718,2019,25,Chisago,MINNESOTA HEALTH CARE PROGRAMS,3,45 - 64 years,M,93,Independent Lab,751,226,"1,039","$23,943.06 ",$105.94 ,$69.49 ,"$23,747.06 ",$105.08 ,$68.53 ,$196.00 ,$0.87 ,$0.00 
203702,2019,31,Cook,COMMERCIAL,3,45 - 64 years,F,24,Independent Lab,68,24,270,"$3,202.29 ",$133.43 ,$97.23 ,"$2,364.86 ",$98.54 ,$92.78 ,$837.43 ,$34.89 ,$0.00 
204614,2019,35,Crow Wing,MEDICARE,3,45 - 64 years,F,425,Emergency department,"3,728","1,054","4,925","$313,995.35 ",$297.91 ,$167.26 ,"$257,253.10 ",$244.07 ,$132.08 ,"$56,742.25 ",$53.84 ,$28.53 
205262,2019,39,Dodge,MINNESOTA HEALTH CARE PROGRAMS,2,19 - 44 years,F,88,Hospital Inpatient Professional Services,480,236,925,"$93,407.47 ",$395.79 ,$131.48 ,"$93,333.17 ",$395.48 ,$131.48 ,$74.30 ,$0.31 ,$0.00 
206006,2019,43,Faribault,MINNESOTA HEALTH CARE PROGRAMS,2,19 - 44 years,M,161,Emergency department,"1,135",354,"1,694","$118,757.06 ",$335.47 ,$204.93 ,"$118,210.82 ",$333.93 ,$204.38 ,$546.24 ,$1.54 ,$0.00 
207230,2019,49,Goodhue,MEDICARE,2,19 - 44 years,M,41,Other,764,225,491,"$64,027.46 ",$284.57 ,$109.28 ,"$50,109.88 ",$222.71 ,$80.18 ,"$13,917.58 ",$61.86 ,$26.22 
207998,2019,53,Hennepin,MEDICARE,2,19 - 44 years,F,81,Inpatient Non-acute Professional Services,"1,519",809,908,"$103,037.56 ",$127.36 ,$88.31 ,"$80,637.29 ",$99.68 ,$69.82 ,"$22,400.27 ",$27.69 ,$17.95 
208790,2019,57,Hubbard,MEDICARE,4,65 - 74 years,M,15,Inpatient Non-acute Professional Services,99,83,167,"$6,738.12 ",$81.18 ,$75.96 ,"$5,144.92 ",$61.99 ,$60.52 ,"$1,593.20 ",$19.20 ,$15.44 
209486,2019,61,Itasca,MINNESOTA HEALTH CARE PROGRAMS,5,75 years and older,F,72,Ambulance,"1,149",366,777,"$27,392.10 ",$74.84 ,$51.68 ,"$27,392.10 ",$74.84 ,$51.68 ,$0.00 ,$0.00 ,$0.00 
210470,2019,67,Kandiyohi,MINNESOTA HEALTH CARE PROGRAMS,2,19 - 44 years,F,44,Inpatient Non-acute,644,291,449,"$461,047.47 ","$1,584.36 ","$1,025.96 ","$461,047.47 ","$1,584.36 ","$1,025.96 ",$0.00 ,$0.00 ,$0.00 
211382,2019,73,Lac Qui Parle,COMMERCIAL,2,19 - 44 years,F,22,Other,84,51,245,"$11,641.80 ",$228.27 ,$93.98 ,"$9,681.46 ",$189.83 ,$39.03 ,"$1,960.34 ",$38.44 ,$0.00 
212606,2019,79,Le Sueur,MEDICARE,3,45 - 64 years,M,241,Hospital Outpatient,"6,323","1,130","2,775","$890,757.31 ",$788.28 ,$125.37 ,"$739,009.95 ",$653.99 ,$95.32 ,"$151,747.36 ",$134.29 ,$16.60 
213686,2019,85,McLeod,MEDICARE,4,65 - 74 years,F,609,Other,"12,394","6,891","7,259","$918,844.99 ",$133.34 ,$35.13 ,"$878,564.66 ",$127.49 ,$33.04 ,"$40,280.33 ",$5.85 ,$0.00 
214646,2019,91,Martin,MEDICARE,4,65 - 74 years,F,299,Independent Lab,"1,751",559,"3,570","$74,339.62 ",$132.99 ,$35.60 ,"$73,703.42 ",$131.85 ,$35.60 ,$636.20 ,$1.14 ,$0.00 
215486,2019,97,Morrison,COMMERCIAL,1,18 years and under,M,277,Hospital Outpatient,"3,091",855,"3,129","$633,245.74 ",$740.64 ,$232.85 ,"$480,959.13 ",$562.53 ,$114.03 ,"$152,286.61 ",$178.11 ,$25.00 
216230,2019,101,Murray,COMMERCIAL,1,18 years and under,F,168,Clinic/Office,"1,423",643,"1,936","$127,671.48 ",$198.56 ,$145.66 ,"$87,696.56 ",$136.39 ,$68.15 ,"$39,974.92 ",$62.17 ,$16.00 
217310,2019,107,Norman,COMMERCIAL,2,19 - 44 years,M,119,Clinic/Office,"1,097",497,"1,339","$200,453.44 ",$403.33 ,$130.39 ,"$156,053.74 ",$313.99 ,$46.50 ,"$44,399.70 ",$89.34 ,$30.00 
218198,2019,111,Otter Tail,MINNESOTA HEALTH CARE PROGRAMS,2,19 - 44 years,M,119,Independent Lab,868,450,"1,231","$59,033.79 ",$131.19 ,$140.44 ,"$58,989.39 ",$131.09 ,$138.84 ,$44.40 ,$0.10 ,$0.00 
219062,2019,115,Pine,MEDICARE,3,45 - 64 years,M,635,Clinic/Office,"11,441","4,547","7,319","$775,600.51 ",$170.57 ,$106.39 ,"$632,243.11 ",$139.05 ,$72.65 ,"$143,357.40 ",$31.53 ,$14.83 
219974,2019,121,Pope,MINNESOTA HEALTH CARE PROGRAMS,2,19 - 44 years,M,14,Ambulance,305,261,150,"$15,908.01 ",$60.95 ,$28.16 ,"$15,904.81 ",$60.94 ,$28.16 ,$3.20 ,$0.01 ,$0.00 
220814,2019,125,Red Lake,MEDICARE,3,45 - 64 years,M,50,Clinic/Office,534,252,539,"$37,631.77 ",$149.33 ,$81.13 ,"$28,842.19 ",$114.45 ,$59.20 ,"$8,789.58 ",$34.88 ,$18.60 
221750,2019,131,Rice,MINNESOTA HEALTH CARE PROGRAMS,1,18 years and under,M,24,Ambulatory Surgery,91,25,279,"$21,990.76 ",$879.63 ,$649.44 ,"$21,990.76 ",$879.63 ,$649.44 ,$0.00 ,$0.00 ,$0.00 
222662,2019,137,Saint Louis,COMMERCIAL,1,18 years and under,F,574,Hospital Outpatient,"5,669","1,688","6,468","$1,676,327.23 ",$993.08 ,$250.88 ,"$1,427,339.24 ",$845.58 ,$216.60 ,"$248,987.99 ",$147.50 ,$0.00 
223262,2019,139,Scott,MINNESOTA HEALTH CARE PROGRAMS,2,19 - 44 years,F,804,Independent Lab,"6,372","2,160","8,368","$360,406.63 ",$166.85 ,$148.25 ,"$359,611.28 ",$166.49 ,$146.78 ,$795.35 ,$0.37 ,$0.00 
223910,2019,141,Sherburne,MEDICARE,5,75 years and older,M,"1,993",Clinic/Office,"56,962","23,750","23,478","$4,927,720.11 ",$207.48 ,$98.20 ,"$4,110,480.16 ",$173.07 ,$75.70 ,"$817,239.95 ",$34.41 ,$14.83 
224750,2019,147,Steele,COMMERCIAL,2,19 - 44 years,M,19,DME (Durable Medical Equipment),107,66,223,"$20,336.21 ",$308.12 ,$236.00 ,"$14,389.51 ",$218.02 ,$117.81 ,"$5,946.70 ",$90.10 ,$0.00 
225590,2019,151,Swift,MINNESOTA HEALTH CARE PROGRAMS,3,45 - 64 years,F,64,Emergency department,348,122,723,"$37,594.11 ",$308.15 ,$218.61 ,"$37,044.02 ",$303.64 ,$218.61 ,$550.09 ,$4.51 ,$0.00 
198570,2019,3,Anoka,MEDICARE,2,19 - 44 years,M,118,Ambulance,556,230,"1,397","$108,062.26 ",$469.84 ,$495.64 ,"$85,101.48 ",$370.01 ,$390.79 ,"$22,960.78 ",$99.83 ,$99.92 
199242,2019,7,Beltrami,MINNESOTA HEALTH CARE PROGRAMS,2,19 - 44 years,M,"1,553",Hospital Outpatient,"33,354","8,796","16,455","$2,501,296.95 ",$284.37 ,$160.19 ,"$2,491,075.29 ",$283.21 ,$157.19 ,"$10,221.66 ",$1.16 ,$0.00 
200058,2019,11,Big Stone,MINNESOTA HEALTH CARE PROGRAMS,5,75 years and older,F,22,Other,"2,436","1,743",237,"$109,830.48 ",$63.01 ,$30.81 ,"$108,359.52 ",$62.17 ,$30.81 ,"$1,470.96 ",$0.84 ,$0.00 
200898,2019,15,Brown,MEDICARE,4,65 - 74 years,M,156,Hospital Inpatient Professional Services,"2,554",836,"1,799","$333,993.04 ",$399.51 ,$148.74 ,"$286,063.81 ",$342.18 ,$128.47 ,"$47,929.23 ",$57.33 ,$14.80 
201834,2019,21,Cass,COMMERCIAL,3,45 - 64 years,M,52,Independent Lab,291,76,616,"$16,524.06 ",$217.42 ,$100.04 ,"$12,354.72 ",$162.56 ,$39.72 ,"$4,169.34 ",$54.86 ,$0.00 
202578,2019,25,Chisago,COMMERCIAL,4,65 - 74 years,F,50,Emergency department,196,72,593,"$23,339.54 ",$324.16 ,$121.30 ,"$14,357.60 ",$199.41 ,$50.32 ,"$8,981.94 ",$124.75 ,$30.00 
198380,2019,3,Anoka,COMMERCIAL,5,75 years and older,M,28,Inpatient Non-acute,818,271,324,"$63,574.97 ",$234.59 ,$17.44 ,"$63,529.97 ",$234.43 ,$17.44 ,$45.00 ,$0.17 ,$0.00 
199100,2019,7,Beltrami,COMMERCIAL,2,19 - 44 years,F,52,Hospital Inpatient,485,57,577,"$686,884.91 ","$12,050.61 ","$6,902.82 ","$543,830.03 ","$9,540.88 ","$4,432.14 ","$143,054.88 ","$2,509.73 ",$246.50 
199844,2019,9,Benton,MEDICARE,5,75 years and older,F,168,DME (Durable Medical Equipment),"1,325",883,"1,971","$74,417.50 ",$84.28 ,$38.96 ,"$60,741.62 ",$68.79 ,$31.04 ,"$13,675.88 ",$15.49 ,$7.16 
198139,2019,1,Aitkin,MEDICARE,3,45 - 64 years,F,22,Ambulance,107,47,243,"$35,214.94 ",$749.25 ,$127.68 ,"$29,986.84 ",$638.02 ,$115.71 ,"$5,228.10 ",$111.24 ,$0.00 
198835,2019,5,Becker,MINNESOTA HEALTH CARE PROGRAMS,1,18 years and under,M,43,Outpatient Other,703,658,494,"$107,782.10 ",$163.80 ,$105.09 ,"$107,782.10 ",$163.80 ,$105.09 ,$0.00 ,$0.00 ,$0.00 
199651,2019,9,Benton,MINNESOTA HEALTH CARE PROGRAMS,2,19 - 44 years,M,20,Ambulatory Surgery,93,21,216,"$54,198.02 ","$2,580.86 ","$1,976.07 ","$53,994.82 ","$2,571.18 ","$1,976.07 ",$203.20 ,$9.68 ,$0.00 
200611,2019,15,Brown,COMMERCIAL,2,19 - 44 years,F,53,Hospital Inpatient Professional Services,242,105,593,"$290,009.11 ","$2,761.99 ",$859.55 ,"$269,200.19 ","$2,563.81 ",$771.40 ,"$20,808.92 ",$198.18 ,$0.00 
201427,2019,19,Carver,COMMERCIAL,3,45 - 64 years,M,17,Outpatient Other,"1,095",325,198,"$148,960.20 ",$458.34 ,$498.45 ,"$137,856.56 ",$424.17 ,$473.45 ,"$11,103.64 ",$34.17 ,$0.00 
200756,2019,15,Brown,MINNESOTA HEALTH CARE PROGRAMS,3,45 - 64 years,M,16,Home Health,473,452,181,"$35,866.58 ",$79.35 ,$75.02 ,"$35,808.98 ",$79.22 ,$75.02 ,$57.60 ,$0.13 ,$0.00 
201404,2019,19,Carver,COMMERCIAL,3,45 - 64 years,F,163,Hospital Inpatient,"2,676",209,"1,877","$5,151,500.91 ","$24,648.33 ","$13,980.06 ","$5,026,947.96 ","$24,052.38 ","$13,386.51 ","$124,552.95 ",$595.95 ,$0.00 
202124,2019,21,Cass,MEDICARE,5,75 years and older,F,502,Emergency department,"3,632","1,029","5,842","$408,666.26 ",$397.15 ,$204.28 ,"$353,381.40 ",$343.42 ,$170.02 ,"$55,284.86 ",$53.73 ,$35.89 
203036,2019,27,Clay,COMMERCIAL,5,75 years and older,M,12,Independent Lab,97,34,131,"$2,058.33 ",$60.54 ,$7.86 ,"$1,685.32 ",$49.57 ,$7.86 ,$373.01 ,$10.97 ,$0.00 
204116,2019,33,Cottonwood,MINNESOTA HEALTH CARE PROGRAMS,3,45 - 64 years,M,68,Emergency department,641,151,745,"$46,496.79 ",$307.93 ,$196.68 ,"$45,969.28 ",$304.43 ,$196.68 ,$527.51 ,$3.49 ,$0.00 
204836,2019,37,Dakota,COMMERCIAL,5,75 years and older,F,16,Home Health,421,267,184,"$123,159.89 ",$461.27 ,$469.91 ,"$122,799.89 ",$459.92 ,$469.91 ,$360.00 ,$1.35 ,$0.00 
205748,2019,41,Douglas,MINNESOTA HEALTH CARE PROGRAMS,5,75 years and older,M,21,Hospice,120,93,145,"$277,502.56 ","$2,983.90 ","$2,221.50 ","$277,502.56 ","$2,983.90 ","$2,221.50 ",$0.00 ,$0.00 ,$0.00 
206852,2019,47,Freeborn,MEDICARE,3,45 - 64 years,F,16,Inpatient Non-acute,683,101,170,"$274,398.23 ","$2,716.81 ",$229.42 ,"$248,860.42 ","$2,463.96 ",$229.42 ,"$25,537.81 ",$252.85 ,$0.00 
207716,2019,53,Hennepin,COMMERCIAL,3,45 - 64 years,F,610,Ambulance,"18,942","4,993","7,129","$1,097,200.82 ",$219.75 ,$46.70 ,"$994,209.75 ",$199.12 ,$46.50 ,"$102,991.07 ",$20.63 ,$0.00 
208484,2019,57,Hubbard,COMMERCIAL,3,45 - 64 years,F,83,Emergency department,430,122,969,"$134,873.31 ","$1,105.52 ",$883.35 ,"$74,731.37 ",$612.55 ,$187.90 ,"$60,141.94 ",$492.97 ,$247.29 
209204,2019,59,Isanti,MEDICARE,5,75 years and older,F,250,Home Health,"5,890","2,343","2,882","$1,011,941.97 ",$431.90 ,$137.44 ,"$999,324.18 ",$426.51 ,$133.92 ,"$12,617.79 ",$5.39 ,$0.00 
210116,2019,65,Kanabec,MINNESOTA HEALTH CARE PROGRAMS,3,45 - 64 years,F,57,Hospital Inpatient Professional Services,"1,426",610,653,"$108,445.41 ",$177.78 ,$100.32 ,"$108,350.71 ",$177.62 ,$100.32 ,$94.70 ,$0.16 ,$0.00 
210860,2019,69,Kittson,MINNESOTA HEALTH CARE PROGRAMS,3,45 - 64 years,M,12,Hospital Inpatient,264,20,136,"$342,223.56 ","$17,111.18 ","$5,031.06 ","$340,973.56 ","$17,048.68 ","$4,906.06 ","$1,250.00 ",$62.50 ,$0.00 
212228,2019,77,Lake of the Woods,MEDICARE,3,45 - 64 years,F,18,Emergency department,152,45,216,"$8,840.20 ",$196.45 ,$109.36 ,"$6,834.84 ",$151.89 ,$68.48 ,"$2,005.36 ",$44.56 ,$6.18 
213140,2019,83,Lyon,MINNESOTA HEALTH CARE PROGRAMS,3,45 - 64 years,F,24,Inpatient Non-acute Professional Services,580,523,270,"$116,477.48 ",$222.71 ,$162.32 ,"$116,464.68 ",$222.69 ,$162.32 ,$12.80 ,$0.02 ,$0.00 
214148,2019,89,Marshall,MINNESOTA HEALTH CARE PROGRAMS,1,18 years and under,M,21,Hospital Inpatient Professional Services,139,94,174,"$18,788.12 ",$199.87 ,$76.91 ,"$18,788.12 ",$199.87 ,$76.91 ,$0.00 ,$0.00 ,$0.00 
215036,2019,93,Meeker,MEDICARE,4,65 - 74 years,M,152,Independent Lab,"1,052",299,"1,816","$37,879.60 ",$126.69 ,$37.32 ,"$37,378.21 ",$125.01 ,$35.21 ,$501.39 ,$1.68 ,$0.00 
215804,2019,97,Morrison,MEDICARE,4,65 - 74 years,F,143,Ambulatory Surgery,937,213,"1,716","$361,147.68 ","$1,695.53 ","$1,565.94 ","$306,919.58 ","$1,440.94 ","$1,312.94 ","$54,228.10 ",$254.59 ,$230.00 
198163,2019,1,Aitkin,MEDICARE,3,45 - 64 years,M,50,Independent Lab,362,115,595,"$31,444.41 ",$273.43 ,$63.36 ,"$31,011.00 ",$269.66 ,$63.36 ,$433.41 ,$3.77 ,$0.00 
198859,2019,5,Becker,MINNESOTA HEALTH CARE PROGRAMS,2,19 - 44 years,M,57,Hospital Inpatient Professional Services,770,381,599,"$66,491.97 ",$174.52 ,$97.75 ,"$66,479.17 ",$174.49 ,$97.75 ,$12.80 ,$0.03 ,$0.00 
199723,2019,9,Benton,MINNESOTA HEALTH CARE PROGRAMS,4,65 - 74 years,M,21,Other,"3,856","3,014",230,"$489,950.16 ",$162.56 ,$203.46 ,"$489,799.96 ",$162.51 ,$202.71 ,$150.20 ,$0.05 ,$0.00 
200635,2019,15,Brown,COMMERCIAL,3,45 - 64 years,F,112,Emergency department,566,153,"1,298","$197,616.92 ","$1,291.61 ","$1,105.67 ","$123,010.05 ",$803.99 ,$573.57 ,"$74,606.87 ",$487.63 ,$146.84 
201451,2019,19,Carver,COMMERCIAL,4,65 - 74 years,M,95,Hospital Outpatient,"2,045",458,"1,130","$682,472.07 ","$1,490.11 ",$172.02 ,"$637,654.64 ","$1,392.26 ",$127.16 ,"$44,817.43 ",$97.85 ,$0.00 
198404,2019,3,Anoka,MINNESOTA HEALTH CARE PROGRAMS,1,18 years and under,M,"3,945",Emergency department,"16,437","6,482","43,734","$1,929,002.15 ",$297.59 ,$237.97 ,"$1,924,872.71 ",$296.96 ,$237.84 ,"$4,129.44 ",$0.64 ,$0.00 
199124,2019,7,Beltrami,COMMERCIAL,3,45 - 64 years,F,155,Emergency department,748,227,"1,819","$250,044.06 ","$1,101.52 ",$894.55 ,"$174,797.16 ",$770.03 ,$492.06 ,"$75,246.90 ",$331.48 ,$0.00 
199868,2019,9,Benton,MEDICARE,5,75 years and older,M,107,Inpatient Non-acute Professional Services,"1,847","1,290","1,134","$152,134.02 ",$117.93 ,$88.25 ,"$138,090.26 ",$107.05 ,$73.95 ,"$14,043.76 ",$10.89 ,$0.00 
200780,2019,15,Brown,MINNESOTA HEALTH CARE PROGRAMS,4,65 - 74 years,M,11,Ambulance,126,68,117,"$3,803.06 ",$55.93 ,$26.40 ,"$3,803.06 ",$55.93 ,$26.40 ,$0.00 ,$0.00 ,$0.00 
202219,2019,23,Chippewa,COMMERCIAL,3,45 - 64 years,M,26,Independent Lab,164,29,310,"$17,584.34 ",$606.36 ,$529.01 ,"$14,650.59 ",$505.19 ,$438.90 ,"$2,933.75 ",$101.16 ,$0.00 
203131,2019,27,Clay,MINNESOTA HEALTH CARE PROGRAMS,3,45 - 64 years,M,800,Other,"99,992","67,267","8,959","$10,206,911.07 ",$151.74 ,$89.00 ,"$10,204,262.88 ",$151.70 ,$89.00 ,"$2,648.19 ",$0.04 ,$0.00 
204355,2019,35,Crow Wing,COMMERCIAL,3,45 - 64 years,F,"1,682",Hospital Outpatient,"38,508","8,201","19,566","$9,915,948.74 ","$1,209.11 ",$269.86 ,"$8,409,862.61 ","$1,025.47 ",$189.40 ,"$1,506,086.13 ",$183.65 ,$0.00 
205147,2019,39,Dodge,COMMERCIAL,1,18 years and under,F,25,Emergency department,100,43,296,"$56,375.20 ","$1,311.05 ","$1,143.49 ","$38,041.91 ",$884.70 ,$545.76 ,"$18,333.29 ",$426.36 ,$145.78 
205963,2019,43,Faribault,MINNESOTA HEALTH CARE PROGRAMS,1,18 years and under,F,601,Clinic/Office,"6,114","3,096","6,690","$323,023.90 ",$104.34 ,$85.65 ,"$323,023.90 ",$104.34 ,$85.65 ,$0.00 ,$0.00 ,$0.00 
207019,2019,49,Goodhue,COMMERCIAL,4,65 - 74 years,F,44,Clinic/Office,739,310,528,"$82,467.23 ",$266.02 ,$128.24 ,"$68,272.25 ",$220.23 ,$59.30 ,"$14,194.98 ",$45.79 ,$14.83 
207883,2019,53,Hennepin,MINNESOTA HEALTH CARE PROGRAMS,3,45 - 64 years,F,"3,084",Hospital Inpatient,"72,425","5,299","34,277","$54,819,686.49 ","$10,345.29 ","$5,920.38 ","$54,728,458.42 ","$10,328.07 ","$5,909.13 ","$91,228.07 ",$17.22 ,$0.00 
208651,2019,57,Hubbard,MINNESOTA HEALTH CARE PROGRAMS,4,65 - 74 years,F,17,DME (Durable Medical Equipment),153,106,204,"$2,981.12 ",$28.12 ,$10.24 ,"$2,981.12 ",$28.12 ,$10.24 ,$0.00 ,$0.00 ,$0.00 
209491,2019,61,Itasca,MINNESOTA HEALTH CARE PROGRAMS,5,75 years and older,F,17,Home Health,474,424,196,"$26,282.96 ",$61.99 ,$75.02 ,"$26,282.96 ",$61.99 ,$75.02 ,$0.00 ,$0.00 ,$0.00 
210547,2019,67,Kandiyohi,MINNESOTA HEALTH CARE PROGRAMS,4,65 - 74 years,M,13,Hospital Inpatient Professional Services,235,110,142,"$3,185.16 ",$28.96 ,$0.00 ,"$3,185.16 ",$28.96 ,$0.00 ,$0.00 ,$0.00 ,$0.00 
211843,2019,75,Lake,MINNESOTA HEALTH CARE PROGRAMS,3,45 - 64 years,F,13,Independent Lab,113,25,146,"$4,132.37 ",$165.29 ,$146.29 ,"$4,132.37 ",$165.29 ,$146.29 ,$0.00 ,$0.00 ,$0.00 
212899,2019,81,Lincoln,MEDICARE,3,45 - 64 years,M,80,Clinic/Office,928,530,928,"$91,539.34 ",$172.72 ,$151.01 ,"$75,083.32 ",$141.67 ,$117.86 ,"$16,456.02 ",$31.05 ,$23.80 
213667,2019,85,McLeod,MEDICARE,3,45 - 64 years,M,388,Hospital Outpatient,"21,764","3,809","4,485","$2,067,187.16 ",$542.71 ,$202.02 ,"$1,647,470.09 ",$432.52 ,$160.96 ,"$419,717.07 ",$110.19 ,$36.05 
214819,2019,93,Meeker,MINNESOTA HEALTH CARE PROGRAMS,1,18 years and under,F,69,Hospital Inpatient,516,79,534,"$588,880.20 ","$7,454.18 ","$3,233.25 ","$588,880.20 ","$7,454.18 ","$3,233.25 ",$0.00 ,$0.00 ,$0.00 
215755,2019,97,Morrison,MEDICARE,2,19 - 44 years,F,117,Hospital Outpatient,"7,368","1,328","1,400","$706,630.27 ",$532.10 ,$138.11 ,"$451,142.24 ",$339.72 ,$99.87 ,"$255,488.03 ",$192.39 ,$25.96 
216595,2019,103,Nicollet,COMMERCIAL,3,45 - 64 years,F,25,DME (Durable Medical Equipment),153,85,297,"$22,738.51 ",$267.51 ,$132.80 ,"$20,589.48 ",$242.23 ,$106.24 ,"$2,149.03 ",$25.28 ,$0.00 
217579,2019,107,Norman,MEDICARE,5,75 years and older,F,71,Inpatient Non-acute,"1,651",408,778,"$776,798.98 ","$1,903.92 ",$87.62 ,"$723,360.75 ","$1,772.94 ",$80.25 ,"$53,438.23 ",$130.98 ,$8.81 
198462,2019,3,Anoka,MINNESOTA HEALTH CARE PROGRAMS,3,45 - 64 years,F,20,Pharmacy,98,69,227,"$2,756.19 ",$39.94 ,$22.00 ,"$2,756.19 ",$39.94 ,$22.00 ,$0.00 ,$0.00 ,$0.00 
199206,2019,7,Beltrami,MINNESOTA HEALTH CARE PROGRAMS,1,18 years and under,M,"1,511",Emergency department,"5,773","3,357","16,739","$1,385,361.50 ",$412.68 ,$455.00 ,"$1,385,361.50 ",$412.68 ,$455.00 ,$0.00 ,$0.00 ,$0.00 
199950,2019,11,Big Stone,MINNESOTA HEALTH CARE PROGRAMS,1,18 years and under,F,17,Hospital Inpatient Professional Services,109,72,165,"$6,598.84 ",$91.65 ,$55.44 ,"$6,598.84 ",$91.65 ,$55.44 ,$0.00 ,$0.00 ,$0.00 
200814,2019,15,Brown,MINNESOTA HEALTH CARE PROGRAMS,5,75 years and older,M,26,Hospital Outpatient,728,177,304,"$26,318.59 ",$148.69 ,$15.37 ,"$26,293.99 ",$148.55 ,$15.37 ,$24.60 ,$0.14 ,$0.00 
198341,2019,3,Anoka,COMMERCIAL,4,65 - 74 years,M,132,DME (Durable Medical Equipment),742,401,"1,563","$57,509.09 ",$143.41 ,$18.06 ,"$50,651.78 ",$126.31 ,$8.32 ,"$6,857.31 ",$17.10 ,$0.00 
199109,2019,7,Beltrami,COMMERCIAL,2,19 - 44 years,M,754,Clinic/Office,"4,011","2,491","8,584","$452,844.19 ",$181.79 ,$140.42 ,"$258,875.65 ",$103.92 ,$31.25 ,"$193,968.54 ",$77.87 ,$38.25 
200117,2019,11,Big Stone,MEDICARE,4,65 - 74 years,F,275,Clinic/Office,"3,533","1,846","3,291","$305,649.62 ",$165.57 ,$100.97 ,"$245,916.03 ",$133.22 ,$69.39 ,"$59,733.59 ",$32.36 ,$20.00 
200885,2019,15,Brown,MEDICARE,4,65 - 74 years,F,113,Independent Lab,456,213,"1,350","$65,447.29 ",$307.26 ,$35.17 ,"$62,834.15 ",$295.00 ,$32.23 ,"$2,613.14 ",$12.27 ,$0.00 
201677,2019,19,Carver,MEDICARE,3,45 - 64 years,F,652,Hospital Outpatient,"16,964","3,193","7,473","$1,422,900.38 ",$445.63 ,$171.14 ,"$1,176,477.98 ",$368.46 ,$136.04 ,"$246,422.40 ",$77.18 ,$34.70 
202445,2019,23,Chippewa,MEDICARE,4,65 - 74 years,M,83,Hospital Inpatient,"1,709",124,969,"$2,158,533.97 ","$17,407.53 ","$13,720.28 ","$2,041,322.39 ","$16,462.28 ","$13,081.51 ","$117,211.58 ",$945.25 ,"$1,364.00 "
201486,2019,19,Carver,MINNESOTA HEALTH CARE PROGRAMS,1,18 years and under,F,52,Ambulatory Surgery,245,59,580,"$85,704.70 ","$1,452.62 ",$794.80 ,"$83,912.48 ","$1,422.25 ",$794.80 ,"$1,792.22 ",$30.38 ,$0.00 
202446,2019,23,Chippewa,MEDICARE,4,65 - 74 years,M,91,Hospital Inpatient Professional Services,"1,831",595,"1,061","$204,754.74 ",$344.13 ,$142.27 ,"$173,831.72 ",$292.15 ,$114.04 ,"$30,923.02 ",$51.97 ,$18.77 
203070,2019,27,Clay,MINNESOTA HEALTH CARE PROGRAMS,2,19 - 44 years,F,243,Ambulance,"1,267",574,"2,642","$210,270.35 ",$366.32 ,$463.94 ,"$210,257.55 ",$366.30 ,$463.94 ,$12.80 ,$0.02 ,$0.00 
204222,2019,33,Cottonwood,MEDICARE,3,45 - 64 years,M,161,Hospital Outpatient,"6,521","1,079","1,839","$819,421.90 ",$759.43 ,$216.13 ,"$609,443.34 ",$564.82 ,$167.48 ,"$209,978.56 ",$194.60 ,$38.94 
204942,2019,37,Dakota,MINNESOTA HEALTH CARE PROGRAMS,3,45 - 64 years,M,"4,597",Clinic/Office,"115,534","60,673","50,853","$7,846,787.19 ",$129.33 ,$80.65 ,"$7,726,393.35 ",$127.34 ,$77.81 ,"$120,393.84 ",$1.98 ,$0.00 
205686,2019,41,Douglas,MINNESOTA HEALTH CARE PROGRAMS,3,45 - 64 years,M,39,Home Health,"1,436","1,359",449,"$98,637.71 ",$72.58 ,$77.43 ,"$98,525.71 ",$72.50 ,$77.43 ,$112.00 ,$0.08 ,$0.00 
206718,2019,47,Freeborn,MINNESOTA HEALTH CARE PROGRAMS,2,19 - 44 years,M,17,Inpatient Non-acute Professional Services,287,273,150,"$84,263.25 ",$308.66 ,$303.26 ,"$84,240.85 ",$308.57 ,$303.26 ,$22.40 ,$0.08 ,$0.00 
207702,2019,53,Hennepin,COMMERCIAL,2,19 - 44 years,M,"46,223",Clinic/Office,"506,468","241,303","514,639","$57,053,133.58 ",$236.44 ,$145.58 ,"$39,798,258.67 ",$164.93 ,$90.16 ,"$17,254,874.91 ",$71.51 ,$25.00 
208422,2019,55,Houston,MEDICARE,5,75 years and older,M,114,DME (Durable Medical Equipment),828,548,"1,308","$51,946.88 ",$94.79 ,$35.59 ,"$40,372.96 ",$73.67 ,$28.79 ,"$11,573.92 ",$21.12 ,$7.31 
209430,2019,61,Itasca,MINNESOTA HEALTH CARE PROGRAMS,3,45 - 64 years,F,168,Hospital Inpatient Professional Services,"2,969","1,442","1,893","$173,680.42 ",$120.44 ,$56.90 ,"$173,584.37 ",$120.38 ,$56.90 ,$96.05 ,$0.07 ,$0.00 
210414,2019,67,Kandiyohi,COMMERCIAL,5,75 years and older,F,24,Hospital Outpatient,855,208,286,"$99,673.51 ",$479.20 ,$44.40 ,"$91,220.82 ",$438.56 ,$44.40 ,"$8,452.69 ",$40.64 ,$0.00 
211662,2019,73,Lac Qui Parle,MEDICARE,5,75 years and older,M,77,Hospital Inpatient,"1,296",132,894,"$1,425,799.63 ","$10,801.51 ","$7,632.39 ","$1,319,135.63 ","$9,993.45 ","$6,897.43 ","$106,664.00 ",$808.06 ,"$1,364.00 "
212814,2019,81,Lincoln,MINNESOTA HEALTH CARE PROGRAMS,3,45 - 64 years,M,11,DME (Durable Medical Equipment),88,49,132,"$3,386.05 ",$69.10 ,$39.00 ,"$3,386.05 ",$69.10 ,$39.00 ,$0.00 ,$0.00 ,$0.00 
213798,2019,87,Mahnomen,MINNESOTA HEALTH CARE PROGRAMS,1,18 years and under,F,49,Hospital Inpatient Professional Services,380,258,447,"$35,494.08 ",$137.57 ,$79.84 ,"$35,494.08 ",$137.57 ,$79.84 ,$0.00 ,$0.00 ,$0.00 
214734,2019,93,Meeker,COMMERCIAL,2,19 - 44 years,M,22,Ambulatory Surgery,127,29,263,"$117,014.70 ","$4,034.99 ","$2,800.76 ","$95,878.68 ","$3,306.16 ","$2,037.21 ","$21,136.02 ",$728.83 ,$250.00 
221774,2019,131,Rice,MINNESOTA HEALTH CARE PROGRAMS,2,19 - 44 years,F,66,Inpatient Non-acute,901,532,701,"$659,247.45 ","$1,239.19 ",$899.60 ,"$659,247.45 ","$1,239.19 ",$899.60 ,$0.00 ,$0.00 ,$0.00 
222686,2019,137,Saint Louis,COMMERCIAL,2,19 - 44 years,F,18,Home Health,671,659,209,"$48,799.28 ",$74.05 ,$75.02 ,"$48,768.07 ",$74.00 ,$75.02 ,$31.21 ,$0.05 ,$0.00 
223286,2019,139,Scott,MINNESOTA HEALTH CARE PROGRAMS,3,45 - 64 years,F,"1,832",Clinic/Office,"47,913","21,202","19,973","$2,825,311.73 ",$133.26 ,$87.19 ,"$2,755,388.34 ",$129.96 ,$84.34 ,"$69,923.39 ",$3.30 ,$0.00 
223958,2019,143,Sibley,COMMERCIAL,2,19 - 44 years,M,364,Clinic/Office,"3,122","1,567","4,052","$390,563.70 ",$249.24 ,$143.68 ,"$256,396.96 ",$163.62 ,$33.49 ,"$134,166.74 ",$85.62 ,$31.40 
224774,2019,147,Steele,COMMERCIAL,3,45 - 64 years,F,101,Other,531,272,"1,190","$141,287.60 ",$519.44 ,$107.20 ,"$127,438.47 ",$468.52 ,$53.61 ,"$13,849.13 ",$50.92 ,$0.00 
225686,2019,151,Swift,MEDICARE,3,45 - 64 years,F,23,Hospital Inpatient,494,40,267,"$743,038.63 ","$18,575.97 ","$11,968.18 ","$702,698.67 ","$17,567.47 ","$10,364.30 ","$40,339.96 ","$1,008.50 ","$1,364.00 "
226910,2019,159,Wadena,MINNESOTA HEALTH CARE PROGRAMS,1,18 years and under,M,20,Ambulatory Surgery,85,21,227,"$35,642.54 ","$1,697.26 ","$1,585.47 ","$35,642.54 ","$1,697.26 ","$1,585.47 ",$0.00 ,$0.00 ,$0.00 
227678,2019,163,Washington,MINNESOTA HEALTH CARE PROGRAMS,1,18 years and under,F,"1,028",Independent Lab,"6,709","1,563","11,396","$169,238.90 ",$108.28 ,$77.92 ,"$168,297.95 ",$107.68 ,$77.92 ,$940.95 ,$0.60 ,$0.00 
228614,2019,167,Wilkin,MEDICARE,5,75 years and older,M,59,Hospital Inpatient Professional Services,944,331,629,"$95,935.29 ",$289.83 ,$143.24 ,"$79,682.78 ",$240.73 ,$115.72 ,"$16,252.51 ",$49.10 ,$20.94 
229286,2019,171,Wright,MINNESOTA HEALTH CARE PROGRAMS,5,75 years and older,M,13,Inpatient Non-acute,437,156,145,"$19,179.15 ",$122.94 ,$21.02 ,"$19,179.15 ",$122.94 ,$21.02 ,$0.00 ,$0.00 ,$0.00 
198580,2019,3,Anoka,MEDICARE,2,19 - 44 years,M,179,Independent Lab,"2,005",755,"2,132","$40,271.76 ",$53.34 ,$8.46 ,"$40,227.08 ",$53.28 ,$8.46 ,$44.68 ,$0.06 ,$0.00 
199300,2019,7,Beltrami,MINNESOTA HEALTH CARE PROGRAMS,4,65 - 74 years,M,42,Emergency department,287,99,489,"$7,286.00 ",$73.60 ,$37.72 ,"$7,282.80 ",$73.56 ,$37.72 ,$3.20 ,$0.03 ,$0.00 
200236,2019,13,Blue Earth,COMMERCIAL,3,45 - 64 years,F,50,Hospital Inpatient Professional Services,993,311,547,"$661,944.41 ","$2,128.44 ",$645.05 ,"$609,651.77 ","$1,960.30 ",$579.88 ,"$52,292.64 ",$168.14 ,$0.00 
201100,2019,17,Carlton,MINNESOTA HEALTH CARE PROGRAMS,2,19 - 44 years,F,151,Ambulance,"3,911","1,189","1,668","$268,037.20 ",$225.43 ,$97.56 ,"$268,030.80 ",$225.43 ,$97.56 ,$6.40 ,$0.01 ,$0.00 
201748,2019,19,Carver,MEDICARE,5,75 years and older,M,760,Emergency department,"5,467","1,610","8,755","$554,092.73 ",$344.16 ,$174.20 ,"$487,141.93 ",$302.57 ,$147.27 ,"$66,950.80 ",$41.58 ,$33.70 
198594,2019,3,Anoka,MEDICARE,3,45 - 64 years,F,747,Hospital Inpatient Professional Services,"17,291","5,563","8,632","$1,947,031.23 ",$350.00 ,$189.31 ,"$1,664,107.64 ",$299.14 ,$157.34 ,"$282,923.59 ",$50.86 ,$21.30 
199266,2019,7,Beltrami,MINNESOTA HEALTH CARE PROGRAMS,3,45 - 64 years,M,86,Ambulatory Surgery,135,107,977,"$20,928.71 ",$195.60 ,$112.00 ,"$20,925.71 ",$195.57 ,$112.00 ,$3.00 ,$0.03 ,$0.00 
200106,2019,11,Big Stone,MEDICARE,3,45 - 64 years,M,14,Emergency department,107,31,157,"$5,916.28 ",$190.85 ,$50.38 ,"$5,348.10 ",$172.52 ,$40.29 ,$568.18 ,$18.33 ,$2.20 
200922,2019,15,Brown,MEDICARE,5,75 years and older,M,"1,017",Clinic/Office,"15,500","7,191","11,956","$1,465,850.97 ",$203.85 ,$108.35 ,"$1,143,105.27 ",$158.96 ,$79.50 ,"$322,745.70 ",$44.88 ,$20.00 
201858,2019,21,Cass,COMMERCIAL,4,65 - 74 years,M,15,Hospital Inpatient Professional Services,275,101,171,"$36,917.20 ",$365.52 ,$55.81 ,"$32,259.45 ",$319.40 ,$49.90 ,"$4,657.75 ",$46.12 ,$0.00 
202626,2019,25,Chisago,COMMERCIAL,5,75 years and older,M,24,Independent Lab,138,53,276,"$1,186.49 ",$22.39 ,$0.00 ,$618.61 ,$11.67 ,$0.00 ,$567.88 ,$10.71 ,$0.00 
203490,2019,29,Clearwater,MINNESOTA HEALTH CARE PROGRAMS,3,45 - 64 years,M,98,Other,"10,057","7,347","1,123","$722,303.16 ",$98.31 ,$94.70 ,"$722,139.16 ",$98.29 ,$94.70 ,$164.00 ,$0.02 ,$0.00 
204378,2019,35,Crow Wing,COMMERCIAL,4,65 - 74 years,F,18,Ambulatory Surgery,122,29,216,"$50,867.07 ","$1,754.04 ","$1,462.53 ","$42,748.06 ","$1,474.07 ","$1,105.50 ","$8,119.01 ",$279.97 ,$250.00 
205002,2019,37,Dakota,MINNESOTA HEALTH CARE PROGRAMS,5,75 years and older,M,81,Ambulance,"1,742",551,909,"$36,662.33 ",$66.54 ,$62.58 ,"$36,655.93 ",$66.53 ,$62.58 ,$6.40 ,$0.01 ,$0.00 
206010,2019,43,Faribault,MINNESOTA HEALTH CARE PROGRAMS,2,19 - 44 years,M,301,Hospital Outpatient,"5,686","1,319","3,200","$420,506.81 ",$318.81 ,$122.27 ,"$418,463.48 ",$317.26 ,$122.27 ,"$2,043.33 ",$1.55 ,$0.00 
207114,2019,49,Goodhue,MINNESOTA HEALTH CARE PROGRAMS,2,19 - 44 years,M,17,Home Health,"1,402",956,204,"$395,760.93 ",$413.98 ,$429.12 ,"$395,712.93 ",$413.93 ,$429.12 ,$48.00 ,$0.05 ,$0.00 
198486,2019,3,Anoka,MINNESOTA HEALTH CARE PROGRAMS,4,65 - 74 years,F,88,Hospital Inpatient,"2,087",126,997,"$572,417.97 ","$4,543.00 ","$1,364.00 ","$565,486.77 ","$4,487.99 ","$1,364.00 ","$6,931.20 ",$55.01 ,$0.00 
199230,2019,7,Beltrami,MINNESOTA HEALTH CARE PROGRAMS,2,19 - 44 years,F,37,Inpatient Non-acute Professional Services,"1,991","1,931",420,"$598,838.05 ",$310.12 ,$293.34 ,"$598,799.65 ",$310.10 ,$293.34 ,$38.40 ,$0.02 ,$0.00 
199998,2019,11,Big Stone,MINNESOTA HEALTH CARE PROGRAMS,3,45 - 64 years,F,20,DME (Durable Medical Equipment),157,85,230,"$9,208.04 ",$108.33 ,$49.44 ,"$9,208.04 ",$108.33 ,$49.44 ,$0.00 ,$0.00 ,$0.00 
200862,2019,15,Brown,MEDICARE,3,45 - 64 years,M,258,Clinic/Office,"2,615","1,338","2,964","$757,585.15 ",$566.21 ,$92.17 ,"$596,268.70 ",$445.64 ,$62.49 ,"$161,316.45 ",$120.57 ,$20.00 
198365,2019,3,Anoka,COMMERCIAL,5,75 years and older,F,31,Inpatient Non-acute,566,156,341,"$94,636.96 ",$606.65 ,$24.43 ,"$93,691.96 ",$600.59 ,$24.43 ,$945.00 ,$6.06 ,$0.00 
199205,2019,7,Beltrami,MINNESOTA HEALTH CARE PROGRAMS,1,18 years and under,M,132,DME (Durable Medical Equipment),469,230,"1,492","$101,141.82 ",$439.75 ,$90.21 ,"$101,141.82 ",$439.75 ,$90.21 ,$0.00 ,$0.00 ,$0.00 
200165,2019,11,Big Stone,MEDICARE,5,75 years and older,M,18,Hospice,428,34,134,"$89,158.04 ","$2,622.30 ","$2,587.02 ","$89,158.04 ","$2,622.30 ","$2,587.02 ",$0.00 ,$0.00 ,$0.00 
200909,2019,15,Brown,MEDICARE,5,75 years and older,F,593,Emergency department,"4,499","1,123","6,799","$368,433.14 ",$328.08 ,$176.40 ,"$333,660.39 ",$297.12 ,$141.01 ,"$34,772.75 ",$30.96 ,$16.26 
201701,2019,19,Carver,MEDICARE,4,65 - 74 years,F,330,DME (Durable Medical Equipment),"2,625","1,680","3,901","$207,015.93 ",$123.22 ,$37.18 ,"$171,261.54 ",$101.94 ,$29.47 ,"$35,754.39 ",$21.28 ,$5.94 
202469,2019,23,Chippewa,MEDICARE,5,75 years and older,M,40,Ambulatory Surgery,291,53,480,"$85,104.70 ","$1,605.75 ","$1,135.27 ","$72,184.81 ","$1,361.98 ",$946.06 ,"$12,919.89 ",$243.77 ,$163.25 
201534,2019,19,Carver,MINNESOTA HEALTH CARE PROGRAMS,2,19 - 44 years,M,47,DME (Durable Medical Equipment),317,164,531,"$80,001.00 ",$487.81 ,$69.54 ,"$79,991.40 ",$487.75 ,$69.54 ,$9.60 ,$0.06 ,$0.00 
202470,2019,23,Chippewa,MEDICARE,5,75 years and older,M,414,Clinic/Office,"6,837","3,081","4,899","$571,291.08 ",$185.42 ,$91.54 ,"$450,200.72 ",$146.12 ,$65.12 ,"$121,090.36 ",$39.30 ,$18.56 
203094,2019,27,Clay,MINNESOTA HEALTH CARE PROGRAMS,2,19 - 44 years,M,154,Hospital Inpatient Professional Services,"2,840","1,376","1,518","$212,768.73 ",$154.63 ,$84.77 ,"$212,736.93 ",$154.61 ,$84.77 ,$31.80 ,$0.02 ,$0.00 
204246,2019,33,Cottonwood,MEDICARE,4,65 - 74 years,M,441,Clinic/Office,"7,254","3,540","5,233","$426,832.15 ",$120.57 ,$83.68 ,"$334,605.45 ",$94.52 ,$64.09 ,"$92,226.70 ",$26.05 ,$15.68 
204966,2019,37,Dakota,MINNESOTA HEALTH CARE PROGRAMS,4,65 - 74 years,F,97,Independent Lab,688,220,"1,119","$9,142.92 ",$41.56 ,$13.48 ,"$8,728.62 ",$39.68 ,$13.48 ,$414.30 ,$1.88 ,$0.00 
205710,2019,41,Douglas,MINNESOTA HEALTH CARE PROGRAMS,4,65 - 74 years,F,38,Other,"3,883","2,679",436,"$445,240.00 ",$166.20 ,$183.24 ,"$444,377.24 ",$165.87 ,$183.24 ,$862.76 ,$0.32 ,$0.00 
206742,2019,47,Freeborn,MINNESOTA HEALTH CARE PROGRAMS,3,45 - 64 years,M,264,Emergency department,"2,472",708,"2,861","$283,497.16 ",$400.42 ,$262.31 ,"$280,298.26 ",$395.90 ,$257.20 ,"$3,198.90 ",$4.52 ,$0.00 
207726,2019,53,Hennepin,COMMERCIAL,3,45 - 64 years,F,"8,641",Independent Lab,"67,099","15,027","101,082","$3,866,323.55 ",$257.29 ,$96.47 ,"$3,165,646.14 ",$210.66 ,$59.80 ,"$700,677.41 ",$46.63 ,$0.00 
208590,2019,57,Hubbard,MINNESOTA HEALTH CARE PROGRAMS,2,19 - 44 years,F,394,Emergency department,"3,048",992,"4,387","$342,998.49 ",$345.76 ,$280.15 ,"$340,724.03 ",$343.47 ,$277.66 ,"$2,274.46 ",$2.29 ,$0.00 
209454,2019,61,Itasca,MINNESOTA HEALTH CARE PROGRAMS,4,65 - 74 years,F,46,Ambulance,"1,157",471,529,"$38,989.98 ",$82.78 ,$48.20 ,"$38,989.98 ",$82.78 ,$48.20 ,$0.00 ,$0.00 ,$0.00 
210438,2019,67,Kandiyohi,MINNESOTA HEALTH CARE PROGRAMS,1,18 years and under,F,179,Hospital Inpatient Professional Services,"1,285",869,"1,521","$117,603.91 ",$135.33 ,$76.03 ,"$117,603.91 ",$135.33 ,$76.03 ,$0.00 ,$0.00 ,$0.00 
211686,2019,75,Lake,COMMERCIAL,1,18 years and under,M,56,Hospital Outpatient,581,203,634,"$186,488.50 ",$918.66 ,$216.90 ,"$150,149.03 ",$739.65 ,$214.63 ,"$36,339.47 ",$179.01 ,$2.42 
212886,2019,81,Lincoln,MEDICARE,3,45 - 64 years,F,12,DME (Durable Medical Equipment),76,40,141,"$2,994.14 ",$74.85 ,$55.91 ,"$2,130.55 ",$53.26 ,$20.14 ,$863.59 ,$21.59 ,$13.48 
213822,2019,87,Mahnomen,MINNESOTA HEALTH CARE PROGRAMS,2,19 - 44 years,F,377,Clinic/Office,"16,269","13,418","4,107","$5,368,509.24 ",$400.10 ,$455.00 ,"$5,366,907.92 ",$399.98 ,$455.00 ,"$1,601.32 ",$0.12 ,$0.00 
214758,2019,93,Meeker,COMMERCIAL,3,45 - 64 years,F,144,Other,694,358,"1,701","$77,205.27 ",$215.66 ,$107.84 ,"$52,089.81 ",$145.50 ,$47.76 ,"$25,115.46 ",$70.15 ,$0.00 
215694,2019,97,Morrison,MINNESOTA HEALTH CARE PROGRAMS,4,65 - 74 years,F,15,Hospital Inpatient,305,25,166,"$20,573.87 ",$822.95 ,"$1,364.00 ","$20,205.87 ",$808.23 ,"$1,360.80 ",$368.00 ,$14.72 ,$0.00 
218371,2019,111,Otter Tail,MEDICARE,4,65 - 74 years,M,649,Emergency department,"4,453","1,273","7,552","$411,657.28 ",$323.38 ,$168.35 ,"$353,742.10 ",$277.88 ,$133.35 ,"$57,915.18 ",$45.50 ,$28.64 
219283,2019,117,Pipestone,MINNESOTA HEALTH CARE PROGRAMS,3,45 - 64 years,M,98,Clinic/Office,731,502,"1,132","$40,026.61 ",$79.73 ,$62.62 ,"$38,616.21 ",$76.92 ,$60.20 ,"$1,410.40 ",$2.81 ,$0.00 
220243,2019,123,Ramsey,COMMERCIAL,3,45 - 64 years,F,"12,078",Hospital Outpatient,"197,175","41,006","141,480","$51,054,404.85 ","$1,245.05 ",$373.43 ,"$46,589,349.36 ","$1,136.16 ",$317.42 ,"$4,465,055.49 ",$108.89 ,$0.00 
220987,2019,127,Redwood,MINNESOTA HEALTH CARE PROGRAMS,1,18 years and under,M,40,Ambulance,499,285,473,"$22,392.25 ",$78.57 ,$45.32 ,"$22,392.25 ",$78.57 ,$45.32 ,$0.00 ,$0.00 ,$0.00 
221995,2019,131,Rice,MEDICARE,5,75 years and older,M,"1,583",Hospital Outpatient,"59,946","9,106","18,525","$5,937,239.49 ",$652.01 ,$108.50 ,"$5,039,400.13 ",$553.42 ,$90.45 ,"$897,839.36 ",$98.60 ,$11.90 
222931,2019,137,Saint Louis,MINNESOTA HEALTH CARE PROGRAMS,5,75 years and older,F,87,Hospital Inpatient,"1,388",105,899,"$70,844.75 ",$674.71 ,$0.00 ,"$70,003.15 ",$666.70 ,$0.00 ,$841.60 ,$8.02 ,$0.00 
223651,2019,141,Sherburne,MINNESOTA HEALTH CARE PROGRAMS,1,18 years and under,F,123,DME (Durable Medical Equipment),596,304,"1,410","$133,581.71 ",$439.41 ,$95.17 ,"$133,581.71 ",$439.41 ,$95.17 ,$0.00 ,$0.00 ,$0.00 
224419,2019,145,Stearns,COMMERCIAL,5,75 years and older,M,75,Independent Lab,741,235,879,"$7,175.01 ",$30.53 ,$0.00 ,"$6,673.07 ",$28.40 ,$0.00 ,$501.94 ,$2.14 ,$0.00 
225211,2019,149,Stevens,MINNESOTA HEALTH CARE PROGRAMS,1,18 years and under,M,373,Hospital Outpatient,"7,088","2,448","4,224","$684,671.51 ",$279.69 ,$86.27 ,"$684,671.51 ",$279.69 ,$86.27 ,$0.00 ,$0.00 ,$0.00 
201428,2019,19,Carver,COMMERCIAL,3,45 - 64 years,M,35,Pharmacy,70,35,410,"$1,622.88 ",$46.37 ,$35.27 ,"$1,622.88 ",$46.37 ,$35.27 ,$0.00 ,$0.00 ,$0.00 
202148,2019,21,Cass,MEDICARE,5,75 years and older,M,83,Inpatient Non-acute Professional Services,570,440,933,"$40,225.33 ",$91.42 ,$83.21 ,"$33,835.48 ",$76.90 ,$70.33 ,"$6,389.85 ",$14.52 ,$12.51 
203060,2019,27,Clay,MINNESOTA HEALTH CARE PROGRAMS,1,18 years and under,M,13,Home Health,"2,055","1,525",153,"$671,483.73 ",$440.32 ,$457.12 ,"$671,483.73 ",$440.32 ,$457.12 ,$0.00 ,$0.00 ,$0.00 
204188,2019,33,Cottonwood,MEDICARE,2,19 - 44 years,M,40,Clinic/Office,659,309,479,"$36,410.58 ",$117.83 ,$92.73 ,"$26,235.55 ",$84.90 ,$59.20 ,"$10,175.03 ",$32.93 ,$21.71 
204860,2019,37,Dakota,COMMERCIAL,5,75 years and older,M,254,Other,"3,527","2,503","2,970","$266,637.65 ",$106.53 ,$53.40 ,"$257,648.19 ",$102.94 ,$53.40 ,"$8,989.46 ",$3.59 ,$0.00 
205796,2019,41,Douglas,MEDICARE,3,45 - 64 years,F,21,Inpatient Non-acute,757,122,248,"$197,381.45 ","$1,617.88 ",$123.93 ,"$175,689.74 ","$1,440.08 ",$108.21 ,"$21,691.71 ",$177.80 ,$0.00 
